system:index,LST_Day_1km,NDVI,NDVI_Landsat,NDVI_Sentinel,sm_surface,.geo
0_0,15275.805555555555,3993.5434782608695,0.21803878,0.26939702,0.14678723,"{""geodesic"":false,""type"":""Point"",""coordinates"":[72.4715855463424,22.929497627150788]}"
1_0,15370.191780821919,2146.2391304347825,0.098047145,0.13673615,0.14739543,"{""geodesic"":false,""type"":""Point"",""coordinates"":[72.59734968611913,23.010346002721544]}"
2_0,15319.638888888889,5038.326086956522,0.23837967,0.31352273,0.14752541,"{""geodesic"":false,""type"":""Point"",""coordinates"":[72.44463608781881,23.082211225451108]}"
3_0,15282.972222222223,4663.739130434783,0.22345947,0.28987095,0.14678723,"{""geodesic"":false,""type"":""Point"",""coordinates"":[72.51650131054838,22.911531321468395]}"
4_0,15359.888888888889,4390.978260869565,0.1751678,0.2665634,0.14752541,"{""geodesic"":false,""type"":""Point"",""coordinates"":[72.39073717077164,23.03729546124513]}"
5_0,15378.59420289855,4557.565217391304,0.22215691,0.29086566,0.14566599,"{""geodesic"":false,""type"":""Point"",""coordinates"":[72.68718121453108,23.109160683974693]}"
6_0,15344.777777777777,2464.391304347826,0.10123954,0.11473478,0.14739543,"{""geodesic"":false,""type"":""Point"",""coordinates"":[72.57040022759554,23.001362849880348]}"
7_0,15380.424657534246,2128.413043478261,0.100723416,0.14102146,0.14739543,"{""geodesic"":false,""type"":""Point"",""coordinates"":[72.60633283896033,23.010346002721544]}"
8_0,15313.295774647888,3860.413043478261,0.18917634,0.25536832,0.14826828,"{""geodesic"":false,""type"":""Point"",""coordinates"":[72.49853500486599,23.028312308403933]}"
9_0,15361.527777777777,1720.391304347826,0.082270145,0.10246786,0.14739543,"{""geodesic"":false,""type"":""Point"",""coordinates"":[72.58836653327793,23.010346002721544]}"
10_0,15379.188405797102,1396.6304347826087,0.074504055,0.068995774,0.14739543,"{""geodesic"":false,""type"":""Point"",""coordinates"":[72.64226545032511,23.001362849880348]}"
11_0,15367.876712328767,1380.2391304347825,0.07182078,0.05952312,0.14739543,"{""geodesic"":false,""type"":""Point"",""coordinates"":[72.58836653327793,23.028312308403933]}"
12_0,15375.771428571428,4394.195652173913,0.20966773,0.2587648,0.14839832,"{""geodesic"":false,""type"":""Point"",""coordinates"":[72.69616436737228,23.001362849880348]}"
13_0,15270.653333333334,4426.695652173913,0.20974636,0.28306305,0.14856058,"{""geodesic"":false,""type"":""Point"",""coordinates"":[72.64226545032511,22.86661555726242]}"
14_0,15377.308823529413,4301.847826086957,0.19810863,0.3024765,0.14566599,"{""geodesic"":false,""type"":""Point"",""coordinates"":[72.72311382589587,23.109160683974693]}"
15_0,15426.25352112676,3931.521739130435,0.1768037,0.23526908,0.1478191,"{""geodesic"":false,""type"":""Point"",""coordinates"":[72.49853500486599,23.100177531133497]}"
16_0,15378.666666666666,3194.8478260869565,0.12840664,0.17285831,0.14650686,"{""geodesic"":false,""type"":""Point"",""coordinates"":[72.58836653327793,23.118143836815886]}"
17_0,15388.084507042253,3303.8695652173915,0.16326308,0.18461342,0.14833307,"{""geodesic"":false,""type"":""Point"",""coordinates"":[72.6602317560075,22.956447085674373]}"
18_0,15356.166666666666,3519.5,0.17053537,0.23351336,0.14826828,"{""geodesic"":false,""type"":""Point"",""coordinates"":[72.4715855463424,23.010346002721544]}"
19_0,15327.90410958904,4376.152173913043,0.21205167,0.27856204,0.14752541,"{""geodesic"":false,""type"":""Point"",""coordinates"":[72.43565293497763,23.064244919768715]}"
20_0,15371.685714285713,4127.130434782609,0.17252102,0.22513859,0.14566599,"{""geodesic"":false,""type"":""Point"",""coordinates"":[72.6602317560075,23.118143836815886]}"
21_0,15348.541666666666,3540.7391304347825,0.19389817,0.2908038,0.14913853,"{""geodesic"":false,""type"":""Point"",""coordinates"":[72.4626023935012,22.98339654419796]}"
22_0,15261.146666666667,4426.5,0.21667463,0.277773,0.14856058,"{""geodesic"":false,""type"":""Point"",""coordinates"":[72.65124860316631,22.86661555726242]}"
23_0,15345.352112676057,2660.586956521739,0.15688707,0.18174146,0.14752541,"{""geodesic"":false,""type"":""Point"",""coordinates"":[72.4626023935012,23.01932915556274]}"
24_0,15323.351351351352,4099.130434782609,0.19034953,0.24707213,0.14856058,"{""geodesic"":false,""type"":""Point"",""coordinates"":[72.65124860316631,22.88458186294481]}"
25_0,15339.739726027397,1970.6521739130435,0.09809042,0.10626499,0.14826828,"{""geodesic"":false,""type"":""Point"",""coordinates"":[72.53446761623077,23.05526176692752]}"
26_0,15331.430555555555,2863.1304347826085,0.13481171,0.19988976,0.14739543,"{""geodesic"":false,""type"":""Point"",""coordinates"":[72.58836653327793,23.05526176692752]}"
27_0,15354.614285714286,4416.891304347826,0.24946235,0.33608755,0.14707375,"{""geodesic"":false,""type"":""Point"",""coordinates"":[72.51650131054838,23.19000905954545]}"
28_0,15330.57142857143,2942.8260869565215,0.17774588,0.20815177,0.14826828,"{""geodesic"":false,""type"":""Point"",""coordinates"":[72.49853500486599,23.03729546124513]}"
29_0,15361.492957746479,3109.7391304347825,0.1575345,0.1878622,0.14752541,"{""geodesic"":false,""type"":""Point"",""coordinates"":[72.4626023935012,23.010346002721544]}"
30_0,15338.671232876712,4087.6739130434785,0.19473895,0.2147833,0.14752541,"{""geodesic"":false,""type"":""Point"",""coordinates"":[72.44463608781881,23.05526176692752]}"
31_0,15332.694444444445,1981.4565217391305,0.10220786,0.14158618,0.14739543,"{""geodesic"":false,""type"":""Point"",""coordinates"":[72.57938338043674,23.05526176692752]}"
32_0,15286.194444444445,4000.8695652173915,0.19938588,0.23482232,0.14678723,"{""geodesic"":false,""type"":""Point"",""coordinates"":[72.48955185202479,22.911531321468395]}"
33_0,15340.085714285715,4185.021739130435,0.19776191,0.2677132,0.14826828,"{""geodesic"":false,""type"":""Point"",""coordinates"":[72.49853500486599,23.010346002721544]}"
34_0,15344.739726027397,2198.3260869565215,0.12078545,0.1317792,0.14826828,"{""geodesic"":false,""type"":""Point"",""coordinates"":[72.53446761623077,23.046278614086326]}"
35_0,15361.352112676057,4344.413043478261,0.20464283,0.25941074,0.1478191,"{""geodesic"":false,""type"":""Point"",""coordinates"":[72.52548446338957,23.14509329533947]}"
36_0,15346.611111111111,4667.54347826087,0.20623392,0.2873828,0.14833307,"{""geodesic"":false,""type"":""Point"",""coordinates"":[72.67819806168988,22.947463932833177]}"
37_0,15389.506849315068,3912.021739130435,0.15696701,0.2369491,0.14650686,"{""geodesic"":false,""type"":""Point"",""coordinates"":[72.59734968611913,23.127126989657082]}"
38_0,15372.0,4211.391304347826,0.21640114,0.23971167,0.14650686,"{""geodesic"":false,""type"":""Point"",""coordinates"":[72.59734968611913,23.172042753863057]}"
39_0,15319.534246575342,4221.891304347826,0.20111698,0.24778873,0.14678723,"{""geodesic"":false,""type"":""Point"",""coordinates"":[72.49853500486599,22.956447085674373]}"
40_0,15363.605633802817,2954.891304347826,0.16896506,0.19524935,0.14826828,"{""geodesic"":false,""type"":""Point"",""coordinates"":[72.49853500486599,23.001362849880348]}"
41_0,15392.833333333334,3636.4565217391305,0.16583765,0.22785433,0.14752541,"{""geodesic"":false,""type"":""Point"",""coordinates"":[72.39073717077164,23.001362849880348]}"
42_0,15322.61971830986,4909.239130434783,0.2342296,0.29128572,0.1478191,"{""geodesic"":false,""type"":""Point"",""coordinates"":[72.48056869918359,23.172042753863057]}"
43_0,15381.972222222223,4246.304347826087,0.16928878,0.24965064,0.14826828,"{""geodesic"":false,""type"":""Point"",""coordinates"":[72.48056869918359,23.0911943782923]}"
44_0,15304.133333333333,4575.630434782609,0.20466727,0.26994133,0.14752541,"{""geodesic"":false,""type"":""Point"",""coordinates"":[72.39972032361284,23.07322807260991]}"
45_0,15386.471428571429,4296.04347826087,0.20989229,0.28132123,0.14839832,"{""geodesic"":false,""type"":""Point"",""coordinates"":[72.69616436737228,23.010346002721544]}"
46_0,15360.527777777777,2989.4347826086955,0.11855279,0.19205418,0.14739543,"{""geodesic"":false,""type"":""Point"",""coordinates"":[72.58836653327793,23.07322807260991]}"
47_0,15415.74647887324,2076.478260869565,0.09569519,0.10466802,0.14739543,"{""geodesic"":false,""type"":""Point"",""coordinates"":[72.62429914464272,23.010346002721544]}"
48_0,15338.671232876712,4087.6739130434785,0.19473895,0.2147833,0.14752541,"{""geodesic"":false,""type"":""Point"",""coordinates"":[72.44463608781881,23.05526176692752]}"
49_0,15364.385714285714,3481.304347826087,0.19115558,0.21367154,0.1478191,"{""geodesic"":false,""type"":""Point"",""coordinates"":[72.54345076907197,23.154076448180668]}"
50_0,15404.527777777777,3401.8260869565215,0.14987138,0.19449456,0.1478191,"{""geodesic"":false,""type"":""Point"",""coordinates"":[72.4715855463424,23.109160683974693]}"
51_0,15355.869565217392,1448.3478260869565,0.083272316,0.07226091,0.14826828,"{""geodesic"":false,""type"":""Point"",""coordinates"":[72.55243392191316,23.07322807260991]}"
52_0,15345.25,1941.5652173913043,0.102780074,0.0957863,0.14826828,"{""geodesic"":false,""type"":""Point"",""coordinates"":[72.51650131054838,23.010346002721544]}"
53_0,15333.864864864865,4749.413043478261,0.23037851,0.29194808,0.14913853,"{""geodesic"":false,""type"":""Point"",""coordinates"":[72.42666978213643,22.96543023851557]}"
54_0,15394.549295774648,2359.6521739130435,0.11595245,0.14108674,0.14744449,"{""geodesic"":false,""type"":""Point"",""coordinates"":[72.61531599180152,22.956447085674373]}"
55_0,15365.082191780823,3606.4347826086955,0.17731452,0.23890191,0.14826828,"{""geodesic"":false,""type"":""Point"",""coordinates"":[72.49853500486599,23.064244919768715]}"
56_0,15297.055555555555,4363.652173913043,0.2168795,0.31961292,0.14678723,"{""geodesic"":false,""type"":""Point"",""coordinates"":[72.48955185202479,22.938480779991984]}"
57_0,15383.557142857142,3786.0434782608695,0.19242512,0.22820124,0.14833307,"{""geodesic"":false,""type"":""Point"",""coordinates"":[72.70514752021347,22.992379697039155]}"
58_0,15355.633802816901,1629.5434782608695,0.09805243,0.096315354,0.14678723,"{""geodesic"":false,""type"":""Point"",""coordinates"":[72.52548446338957,22.992379697039155]}"
59_0,15394.394366197183,2164.086956521739,0.10275775,0.11873115,0.14744449,"{""geodesic"":false,""type"":""Point"",""coordinates"":[72.60633283896033,22.956447085674373]}"
60_0,15319.777777777777,2072.913043478261,0.10450787,0.119973265,0.14739543,"{""geodesic"":false,""type"":""Point"",""coordinates"":[72.57040022759554,23.010346002721544]}"
61_0,15337.493506493507,4523.630434782609,0.20440371,0.25292623,0.14752541,"{""geodesic"":false,""type"":""Point"",""coordinates"":[72.39972032361284,23.0911943782923]}"
62_0,15373.520547945205,2585.1521739130435,0.13407291,0.15923533,0.14678723,"{""geodesic"":false,""type"":""Point"",""coordinates"":[72.50751815770718,22.992379697039155]}"
63_0,15312.055555555555,2455.804347826087,0.13006638,0.14769648,0.14674136,"{""geodesic"":false,""type"":""Point"",""coordinates"":[72.56141707475435,23.01932915556274]}"
64_0,15369.366197183099,4753.45652173913,0.2326666,0.27837145,0.14839832,"{""geodesic"":false,""type"":""Point"",""coordinates"":[72.73209697873706,23.046278614086326]}"
65_0,15338.671232876712,4087.6739130434785,0.22406399,0.29989138,0.14752541,"{""geodesic"":false,""type"":""Point"",""coordinates"":[72.43565293497763,23.05526176692752]}"
66_0,15277.383561643835,4941.913043478261,0.2355301,0.32828856,0.14707279,"{""geodesic"":false,""type"":""Point"",""coordinates"":[72.49853500486599,22.902548168627202]}"
67_0,15375.130434782608,4310.826086956522,0.21271959,0.29042453,0.14839832,"{""geodesic"":false,""type"":""Point"",""coordinates"":[72.71413067305467,23.05526176692752]}"
68_0,15389.739130434782,1934.8260869565217,0.096326254,0.102038085,0.14839832,"{""geodesic"":false,""type"":""Point"",""coordinates"":[72.67819806168988,23.03729546124513]}"
69_0,15339.527027027027,4324.304347826087,0.18049824,0.24466816,0.14650686,"{""geodesic"":false,""type"":""Point"",""coordinates"":[72.58836653327793,23.14509329533947]}"
70_0,15347.081081081082,3893.6304347826085,0.20033242,0.24459367,0.14792727,"{""geodesic"":false,""type"":""Point"",""coordinates"":[72.56141707475435,22.875598710103617]}"
71_0,15356.028169014084,3517.391304347826,0.15689826,0.20098533,0.14650686,"{""geodesic"":false,""type"":""Point"",""coordinates"":[72.63328229748392,23.109160683974693]}"
72_0,15314.13698630137,4304.826086956522,0.21636909,0.29481235,0.14913853,"{""geodesic"":false,""type"":""Point"",""coordinates"":[72.4626023935012,22.96543023851557]}"
73_0,15296.797297297297,4298.521739130435,0.19847439,0.24453808,0.14856058,"{""geodesic"":false,""type"":""Point"",""coordinates"":[72.63328229748392,22.86661555726242]}"
74_0,15394.814285714287,2002.891304347826,0.11246045,0.14341457,0.14739543,"{""geodesic"":false,""type"":""Point"",""coordinates"":[72.57040022759554,23.0911943782923]}"
75_0,15246.736111111111,4352.608695652174,0.23915206,0.34884,0.14678723,"{""geodesic"":false,""type"":""Point"",""coordinates"":[72.48056869918359,22.92051447430959]}"
76_0,15340.222222222223,1925.2173913043478,0.10638639,0.11150743,0.14678723,"{""geodesic"":false,""type"":""Point"",""coordinates"":[72.51650131054838,22.98339654419796]}"
77_0,15379.605633802817,4277.0,0.20086451,0.2315329,0.1452358,"{""geodesic"":false,""type"":""Point"",""coordinates"":[72.56141707475435,23.19000905954545]}"
78_0,15389.506849315068,3912.021739130435,0.15696701,0.2369491,0.14650686,"{""geodesic"":false,""type"":""Point"",""coordinates"":[72.59734968611913,23.127126989657082]}"
79_0,15430.718309859154,3555.195652173913,0.14757623,0.18618362,0.1478191,"{""geodesic"":false,""type"":""Point"",""coordinates"":[72.48955185202479,23.100177531133497]}"
80_0,15368.507042253521,4168.913043478261,0.18133864,0.21061668,0.14650686,"{""geodesic"":false,""type"":""Point"",""coordinates"":[72.62429914464272,23.172042753863057]}"
81_0,15302.605633802817,4812.826086956522,0.22669066,0.33804202,0.14678723,"{""geodesic"":false,""type"":""Point"",""coordinates"":[72.51650131054838,22.947463932833177]}"
82_0,15387.661764705883,3452.413043478261,0.16933085,0.19189136,0.14566599,"{""geodesic"":false,""type"":""Point"",""coordinates"":[72.6602317560075,23.163059601021864]}"
83_0,15369.712328767124,4552.5,0.21145263,0.29020292,0.1478191,"{""geodesic"":false,""type"":""Point"",""coordinates"":[72.4715855463424,23.14509329533947]}"
84_0,15349.901408450703,4032.4565217391305,0.17328331,0.25065693,0.14744449,"{""geodesic"":false,""type"":""Point"",""coordinates"":[72.63328229748392,22.929497627150788]}"
85_0,15345.712328767124,4223.586956521739,0.22530332,0.2323077,0.14752541,"{""geodesic"":false,""type"":""Point"",""coordinates"":[72.42666978213643,23.01932915556274]}"
86_0,15368.583333333334,3787.1521739130435,0.18696976,0.24499346,0.14833307,"{""geodesic"":false,""type"":""Point"",""coordinates"":[72.6602317560075,22.92051447430959]}"
87_0,15354.75,4637.195652173913,0.22215687,0.26899374,0.14833307,"{""geodesic"":false,""type"":""Point"",""coordinates"":[72.6692149088487,22.911531321468395]}"
88_0,15364.808823529413,4642.478260869565,0.23951796,0.29317042,0.14566599,"{""geodesic"":false,""type"":""Point"",""coordinates"":[72.71413067305467,23.118143836815886]}"
89_0,15331.465753424658,4072.717391304348,0.19936033,0.23139708,0.14913853,"{""geodesic"":false,""type"":""Point"",""coordinates"":[72.42666978213643,22.947463932833177]}"
90_0,15437.041666666666,3337.2608695652175,0.13973251,0.12834376,0.1478191,"{""geodesic"":false,""type"":""Point"",""coordinates"":[72.49853500486599,23.118143836815886]}"
91_0,15378.728571428572,3358.5,0.16079153,0.18475027,0.14650686,"{""geodesic"":false,""type"":""Point"",""coordinates"":[72.64226545032511,23.109160683974693]}"
92_0,15344.92857142857,4426.086956521739,0.2129912,0.25212607,0.14814435,"{""geodesic"":false,""type"":""Point"",""coordinates"":[72.70514752021347,22.893565015786006]}"
93_0,15381.579710144928,2372.978260869565,0.13528064,0.18748014,0.14593902,"{""geodesic"":false,""type"":""Point"",""coordinates"":[72.56141707475435,23.109160683974693]}"
94_0,15339.408450704226,4550.760869565217,0.2275031,0.3169485,0.1478191,"{""geodesic"":false,""type"":""Point"",""coordinates"":[72.54345076907197,23.181025906704253]}"
95_0,15359.434210526315,2834.3260869565215,0.18688999,0.13540398,0.14913853,"{""geodesic"":false,""type"":""Point"",""coordinates"":[72.39073717077164,22.98339654419796]}"
96_0,15317.786666666667,4315.217391304348,0.20866129,0.21821024,0.14856058,"{""geodesic"":false,""type"":""Point"",""coordinates"":[72.63328229748392,22.893565015786006]}"
97_0,15354.3,1646.7826086956522,0.07957696,0.08484256,0.14826828,"{""geodesic"":false,""type"":""Point"",""coordinates"":[72.53446761623077,23.064244919768715]}"
98_0,15277.027027027027,5018.217391304348,0.24468899,0.32304025,0.14798085,"{""geodesic"":false,""type"":""Point"",""coordinates"":[72.42666978213643,23.13611014249828]}"
99_0,15446.857142857143,2356.7391304347825,0.1325352,0.17728345,0.14839832,"{""geodesic"":false,""type"":""Point"",""coordinates"":[72.68718121453108,23.01932915556274]}"
100_0,15317.492957746479,2533.695652173913,0.11416267,0.12963174,0.14674136,"{""geodesic"":false,""type"":""Point"",""coordinates"":[72.56141707475435,23.03729546124513]}"
101_0,15371.444444444445,2373.1521739130435,0.10982403,0.12229157,0.14739543,"{""geodesic"":false,""type"":""Point"",""coordinates"":[72.59734968611913,23.046278614086326]}"
102_0,15396.138888888889,3392.913043478261,0.17456439,0.2169558,0.14744449,"{""geodesic"":false,""type"":""Point"",""coordinates"":[72.57040022759554,22.929497627150788]}"
103_0,15375.101449275362,1774.695652173913,0.09304914,0.10812219,0.14826828,"{""geodesic"":false,""type"":""Point"",""coordinates"":[72.55243392191316,23.082211225451108]}"
104_0,15381.45588235294,3268.521739130435,0.14519683,0.18309939,0.14833307,"{""geodesic"":false,""type"":""Point"",""coordinates"":[72.6602317560075,22.98339654419796]}"
105_0,15355.05633802817,4406.826086956522,0.20922261,0.27224752,0.1478191,"{""geodesic"":false,""type"":""Point"",""coordinates"":[72.51650131054838,23.14509329533947]}"
106_0,15357.728571428572,4877.282608695652,0.23615155,0.32133973,0.14839832,"{""geodesic"":false,""type"":""Point"",""coordinates"":[72.73209697873706,23.01932915556274]}"
107_0,15364.5,3447.4347826086955,0.14625232,0.18667674,0.14744449,"{""geodesic"":false,""type"":""Point"",""coordinates"":[72.58836653327793,22.938480779991984]}"
108_0,15372.875,4513.282608695652,0.21836236,0.26342168,0.1478191,"{""geodesic"":false,""type"":""Point"",""coordinates"":[72.48955185202479,23.127126989657082]}"
109_0,15374.055555555555,3350.391304347826,0.18708804,0.18857478,0.14678723,"{""geodesic"":false,""type"":""Point"",""coordinates"":[72.4715855463424,22.98339654419796]}"
110_0,15315.702702702703,4151.673913043478,0.20457318,0.26304033,0.14856058,"{""geodesic"":false,""type"":""Point"",""coordinates"":[72.65124860316631,22.875598710103617]}"
111_0,15406.1,2877.7391304347825,0.13469484,0.18732546,0.14839832,"{""geodesic"":false,""type"":""Point"",""coordinates"":[72.67819806168988,23.0911943782923]}"
112_0,15330.13698630137,3982.021739130435,0.19818729,0.24652104,0.14744449,"{""geodesic"":false,""type"":""Point"",""coordinates"":[72.57938338043674,22.911531321468395]}"
113_0,15331.125,2432.3478260869565,0.124893,0.1364308,0.14826828,"{""geodesic"":false,""type"":""Point"",""coordinates"":[72.54345076907197,23.010346002721544]}"
114_0,15346.61971830986,3620.391304347826,0.16832887,0.2002227,0.14650686,"{""geodesic"":false,""type"":""Point"",""coordinates"":[72.65124860316631,23.118143836815886]}"
115_0,15377.780821917808,4619.152173913043,0.20693035,0.2418116,0.1478191,"{""geodesic"":false,""type"":""Point"",""coordinates"":[72.4715855463424,23.13611014249828]}"
116_0,15270.479452054795,4111.173913043478,0.20231214,0.2674892,0.14707279,"{""geodesic"":false,""type"":""Point"",""coordinates"":[72.48056869918359,22.902548168627202]}"
117_0,15392.10294117647,4364.239130434783,0.19572616,0.24945624,0.14566599,"{""geodesic"":false,""type"":""Point"",""coordinates"":[72.68718121453108,23.172042753863057]}"
118_0,15362.402597402597,3843.0,0.18307573,0.20824811,0.14913853,"{""geodesic"":false,""type"":""Point"",""coordinates"":[72.39972032361284,22.98339654419796]}"
119_0,15413.323943661971,3678.804347826087,0.1681665,0.21596126,0.14744449,"{""geodesic"":false,""type"":""Point"",""coordinates"":[72.57040022759554,22.938480779991984]}"
120_0,15320.739726027397,4507.804347826087,0.21298254,0.28616247,0.14744449,"{""geodesic"":false,""type"":""Point"",""coordinates"":[72.63328229748392,22.92051447430959]}"
121_0,15339.931506849314,2632.7391304347825,0.12610224,0.1369972,0.14826828,"{""geodesic"":false,""type"":""Point"",""coordinates"":[72.51650131054838,23.07322807260991]}"
122_0,15335.767123287671,3755.804347826087,0.18320128,0.21355505,0.14678723,"{""geodesic"":false,""type"":""Point"",""coordinates"":[72.48056869918359,22.956447085674373]}"
123_0,15301.945205479453,2145.5,0.104831085,0.12633641,0.14739543,"{""geodesic"":false,""type"":""Point"",""coordinates"":[72.57040022759554,23.028312308403933]}"
124_0,15369.647887323943,4455.434782608696,0.20716213,0.2574454,0.1478191,"{""geodesic"":false,""type"":""Point"",""coordinates"":[72.50751815770718,23.13611014249828]}"
125_0,15344.180555555555,4449.804347826087,0.22573677,0.25178772,0.14833307,"{""geodesic"":false,""type"":""Point"",""coordinates"":[72.70514752021347,22.947463932833177]}"
126_0,15378.028169014084,3323.913043478261,0.16975819,0.23395844,0.14826828,"{""geodesic"":false,""type"":""Point"",""coordinates"":[72.49853500486599,23.0911943782923]}"
127_0,15368.520547945205,3636.804347826087,0.16743724,0.21866955,0.14814435,"{""geodesic"":false,""type"":""Point"",""coordinates"":[72.6692149088487,22.893565015786006]}"
128_0,15349.6,4507.065217391304,0.20663047,0.29212105,0.14650686,"{""geodesic"":false,""type"":""Point"",""coordinates"":[72.59734968611913,23.13611014249828]}"
129_0,15331.082191780823,4559.434782608696,0.19754359,0.30543724,0.14913853,"{""geodesic"":false,""type"":""Point"",""coordinates"":[72.45361924066,22.956447085674373]}"
130_0,15323.86301369863,4827.152173913043,0.23249735,0.2935083,0.14833307,"{""geodesic"":false,""type"":""Point"",""coordinates"":[72.72311382589587,22.911531321468395]}"
131_0,15339.931506849314,2632.7391304347825,0.12610224,0.1369972,0.14826828,"{""geodesic"":false,""type"":""Point"",""coordinates"":[72.51650131054838,23.07322807260991]}"
132_0,15374.053333333333,4665.652173913043,0.21481352,0.2981107,0.14798085,"{""geodesic"":false,""type"":""Point"",""coordinates"":[72.39073717077164,23.100177531133497]}"
133_0,15332.342465753425,4321.826086956522,0.21504892,0.30939338,0.14856058,"{""geodesic"":false,""type"":""Point"",""coordinates"":[72.57938338043674,22.86661555726242]}"
134_0,15360.12676056338,3390.695652173913,0.1580976,0.1423158,0.14739543,"{""geodesic"":false,""type"":""Point"",""coordinates"":[72.61531599180152,23.064244919768715]}"
135_0,15360.12676056338,3390.695652173913,0.1580976,0.1423158,0.14739543,"{""geodesic"":false,""type"":""Point"",""coordinates"":[72.61531599180152,23.064244919768715]}"
136_0,15391.710144927536,1708.7608695652175,0.09084226,0.08887026,0.14839832,"{""geodesic"":false,""type"":""Point"",""coordinates"":[72.6602317560075,23.07322807260991]}"
137_0,15376.985507246376,3764.5434782608695,0.19097167,0.2536799,0.14566599,"{""geodesic"":false,""type"":""Point"",""coordinates"":[72.6692149088487,23.118143836815886]}"
138_0,15490.068493150686,1810.5869565217392,0.07558677,0.08182636,0.14744449,"{""geodesic"":false,""type"":""Point"",""coordinates"":[72.58836653327793,22.974413391356762]}"
139_0,15367.602739726028,3534.9565217391305,0.16215937,0.21467325,0.1478191,"{""geodesic"":false,""type"":""Point"",""coordinates"":[72.54345076907197,23.118143836815886]}"
140_0,15365.791666666666,4487.934782608696,0.21003626,0.27364418,0.14833307,"{""geodesic"":false,""type"":""Point"",""coordinates"":[72.6692149088487,22.92051447430959]}"
141_0,15351.666666666666,4064.8478260869565,0.15545201,0.23786953,0.14752541,"{""geodesic"":false,""type"":""Point"",""coordinates"":[72.38175401793045,23.028312308403933]}"
142_0,15421.869565217392,3450.8260869565215,0.13174453,0.15091711,0.14566599,"{""geodesic"":false,""type"":""Point"",""coordinates"":[72.67819806168988,23.100177531133497]}"
143_0,15393.442857142858,3969.0652173913045,0.199993,0.30928758,0.14839832,"{""geodesic"":false,""type"":""Point"",""coordinates"":[72.68718121453108,23.010346002721544]}"
144_0,15372.0,4211.391304347826,0.21640114,0.23971167,0.14650686,"{""geodesic"":false,""type"":""Point"",""coordinates"":[72.59734968611913,23.172042753863057]}"
145_0,15344.931506849314,4058.1521739130435,0.18700673,0.24013567,0.14752541,"{""geodesic"":false,""type"":""Point"",""coordinates"":[72.44463608781881,23.064244919768715]}"
146_0,15377.830985915492,4767.521739130435,0.23613265,0.34528747,0.14707375,"{""geodesic"":false,""type"":""Point"",""coordinates"":[72.54345076907197,23.19000905954545]}"
147_0,15388.957142857143,4561.152173913043,0.21769844,0.3103507,0.14839832,"{""geodesic"":false,""type"":""Point"",""coordinates"":[72.71413067305467,23.046278614086326]}"
148_0,15343.135135135135,4243.239130434783,0.19986601,0.28413495,0.14798085,"{""geodesic"":false,""type"":""Point"",""coordinates"":[72.45361924066,23.109160683974693]}"
149_0,15373.915492957747,4153.869565217391,0.20047809,0.2603473,0.14833307,"{""geodesic"":false,""type"":""Point"",""coordinates"":[72.6692149088487,22.96543023851557]}"
150_0,15332.712328767124,4750.326086956522,0.23371992,0.32392484,0.14752541,"{""geodesic"":false,""type"":""Point"",""coordinates"":[72.41768662929523,23.010346002721544]}"
151_0,15355.814285714287,2601.5434782608695,0.16134536,0.3117349,0.14913853,"{""geodesic"":false,""type"":""Point"",""coordinates"":[72.4626023935012,22.938480779991984]}"
152_0,15332.111111111111,4535.978260869565,0.23882453,0.32917646,0.14752541,"{""geodesic"":false,""type"":""Point"",""coordinates"":[72.41768662929523,23.01932915556274]}"
153_0,15363.18309859155,1470.8260869565217,0.08211745,0.09371531,0.14744449,"{""geodesic"":false,""type"":""Point"",""coordinates"":[72.61531599180152,22.98339654419796]}"
154_0,15332.94366197183,3516.413043478261,0.17898889,0.15700503,0.14650686,"{""geodesic"":false,""type"":""Point"",""coordinates"":[72.60633283896033,23.100177531133497]}"
155_0,15380.859154929578,4106.0,0.20481059,0.23610622,0.14707279,"{""geodesic"":false,""type"":""Point"",""coordinates"":[72.52548446338957,22.875598710103617]}"
156_0,15338.054794520547,4321.95652173913,0.18709302,0.1743332,0.14650686,"{""geodesic"":false,""type"":""Point"",""coordinates"":[72.62429914464272,23.118143836815886]}"
157_0,15357.859154929578,3211.978260869565,0.1304275,0.1942841,0.14744449,"{""geodesic"":false,""type"":""Point"",""coordinates"":[72.61531599180152,22.947463932833177]}"
158_0,15341.128571428571,3649.608695652174,0.21340838,0.3156337,0.14678723,"{""geodesic"":false,""type"":""Point"",""coordinates"":[72.55243392191316,22.98339654419796]}"
159_0,15356.884057971014,4197.173913043478,0.19317251,0.25146836,0.14566599,"{""geodesic"":false,""type"":""Point"",""coordinates"":[72.67819806168988,23.14509329533947]}"
160_0,15413.0,1792.108695652174,0.08549531,0.11110467,0.14839832,"{""geodesic"":false,""type"":""Point"",""coordinates"":[72.6692149088487,23.028312308403933]}"
161_0,15355.92857142857,4641.130434782609,0.20909469,0.2550674,0.14833307,"{""geodesic"":false,""type"":""Point"",""coordinates"":[72.68718121453108,22.956447085674373]}"
162_0,15345.222222222223,2002.304347826087,0.09676202,0.097509965,0.14826828,"{""geodesic"":false,""type"":""Point"",""coordinates"":[72.55243392191316,23.05526176692752]}"
163_0,15363.614285714286,2935.586956521739,0.11658578,0.20532991,0.14593902,"{""geodesic"":false,""type"":""Point"",""coordinates"":[72.56141707475435,23.118143836815886]}"
164_0,15344.739726027397,2198.3260869565215,0.12078545,0.1317792,0.14826828,"{""geodesic"":false,""type"":""Point"",""coordinates"":[72.53446761623077,23.046278614086326]}"
165_0,15347.971830985916,4797.847826086957,0.22304152,0.31363687,0.1478191,"{""geodesic"":false,""type"":""Point"",""coordinates"":[72.50751815770718,23.154076448180668]}"
166_0,15368.583333333334,3787.1521739130435,0.18696976,0.24499346,0.14833307,"{""geodesic"":false,""type"":""Point"",""coordinates"":[72.6602317560075,22.92051447430959]}"
167_0,15355.356164383562,4161.934782608696,0.1836627,0.21928288,0.14707279,"{""geodesic"":false,""type"":""Point"",""coordinates"":[72.54345076907197,22.88458186294481]}"
168_0,15361.098591549297,1832.7173913043478,0.08590878,0.08552892,0.14739543,"{""geodesic"":false,""type"":""Point"",""coordinates"":[72.57040022759554,23.064244919768715]}"
169_0,15330.57142857143,2942.8260869565215,0.17774588,0.20815177,0.14826828,"{""geodesic"":false,""type"":""Point"",""coordinates"":[72.49853500486599,23.03729546124513]}"
170_0,15327.319444444445,4774.239130434783,0.22016416,0.26213205,0.14752541,"{""geodesic"":false,""type"":""Point"",""coordinates"":[72.43565293497763,23.0911943782923]}"
171_0,15332.067567567568,3626.3260869565215,0.19182724,0.23157719,0.14673851,"{""geodesic"":false,""type"":""Point"",""coordinates"":[72.56141707475435,22.911531321468395]}"
172_0,15313.602739726028,4665.891304347826,0.21026802,0.32097307,0.14913853,"{""geodesic"":false,""type"":""Point"",""coordinates"":[72.45361924066,22.974413391356762]}"
173_0,15403.72463768116,2643.9565217391305,0.11372593,0.13796893,0.14826828,"{""geodesic"":false,""type"":""Point"",""coordinates"":[72.54345076907197,23.0911943782923]}"
174_0,15363.222222222223,2308.1739130434785,0.11103949,0.105920166,0.14739543,"{""geodesic"":false,""type"":""Point"",""coordinates"":[72.58836653327793,23.046278614086326]}"
175_0,15353.802816901409,1708.5,0.07563164,0.06862468,0.14739543,"{""geodesic"":false,""type"":""Point"",""coordinates"":[72.65124860316631,23.001362849880348]}"
176_0,15313.602739726028,4665.891304347826,0.21026802,0.32097307,0.14913853,"{""geodesic"":false,""type"":""Point"",""coordinates"":[72.45361924066,22.974413391356762]}"
177_0,15316.166666666666,2226.0,0.11454547,0.1349926,0.14826828,"{""geodesic"":false,""type"":""Point"",""coordinates"":[72.52548446338957,23.01932915556274]}"
178_0,15360.9,3906.4565217391305,0.18796898,0.24672604,0.14839832,"{""geodesic"":false,""type"":""Point"",""coordinates"":[72.73209697873706,23.001362849880348]}"
179_0,15349.805555555555,3833.6739130434785,0.20442396,0.21588038,0.14752541,"{""geodesic"":false,""type"":""Point"",""coordinates"":[72.43565293497763,23.03729546124513]}"
180_0,15348.333333333334,3981.413043478261,0.19535664,0.25876895,0.14752541,"{""geodesic"":false,""type"":""Point"",""coordinates"":[72.39073717077164,23.0911943782923]}"
181_0,15352.739726027397,3057.021739130435,0.1662902,0.20654483,0.14744449,"{""geodesic"":false,""type"":""Point"",""coordinates"":[72.58836653327793,22.911531321468395]}"
182_0,15315.608108108108,4270.978260869565,0.21487239,0.2827367,0.14856058,"{""geodesic"":false,""type"":""Point"",""coordinates"":[72.62429914464272,22.857632404421224]}"
183_0,15341.128571428571,3649.608695652174,0.21340838,0.3156337,0.14678723,"{""geodesic"":false,""type"":""Point"",""coordinates"":[72.55243392191316,22.98339654419796]}"
184_0,15368.583333333334,3787.1521739130435,0.18696976,0.24499346,0.14833307,"{""geodesic"":false,""type"":""Point"",""coordinates"":[72.6602317560075,22.92051447430959]}"
185_0,15406.352112676057,2258.478260869565,0.10005163,0.14391713,0.14739543,"{""geodesic"":false,""type"":""Point"",""coordinates"":[72.62429914464272,23.046278614086326]}"
186_0,15355.05633802817,4406.826086956522,0.20922261,0.27224752,0.1478191,"{""geodesic"":false,""type"":""Point"",""coordinates"":[72.51650131054838,23.14509329533947]}"
187_0,15360.12676056338,3390.695652173913,0.1580976,0.1423158,0.14739543,"{""geodesic"":false,""type"":""Point"",""coordinates"":[72.61531599180152,23.064244919768715]}"
188_0,15357.40579710145,2360.086956521739,0.14298433,0.121888645,0.14650686,"{""geodesic"":false,""type"":""Point"",""coordinates"":[72.58836653327793,23.109160683974693]}"
189_0,15316.027777777777,4495.45652173913,0.22475827,0.24414062,0.14752541,"{""geodesic"":false,""type"":""Point"",""coordinates"":[72.43565293497763,23.07322807260991]}"
190_0,15377.842857142858,2412.8260869565215,0.12068552,0.11470294,0.14913853,"{""geodesic"":false,""type"":""Point"",""coordinates"":[72.44463608781881,22.92051447430959]}"
191_0,15361.957142857143,4880.782608695652,0.23617382,0.36418888,0.14650686,"{""geodesic"":false,""type"":""Point"",""coordinates"":[72.62429914464272,23.163059601021864]}"
192_0,15388.333333333334,3689.3260869565215,0.18922417,0.26828098,0.14839832,"{""geodesic"":false,""type"":""Point"",""coordinates"":[72.69616436737228,23.07322807260991]}"
193_0,15313.266666666666,4247.065217391304,0.20448753,0.27017006,0.14752541,"{""geodesic"":false,""type"":""Point"",""coordinates"":[72.39073717077164,23.07322807260991]}"
194_0,15362.698630136987,3797.586956521739,0.16833898,0.20758906,0.14744449,"{""geodesic"":false,""type"":""Point"",""coordinates"":[72.58836653327793,22.92051447430959]}"
195_0,15354.236111111111,4560.217391304348,0.22591694,0.31380376,0.1478191,"{""geodesic"":false,""type"":""Point"",""coordinates"":[72.48056869918359,23.154076448180668]}"
196_0,15370.583333333334,3935.978260869565,0.19537963,0.20874031,0.14798085,"{""geodesic"":false,""type"":""Point"",""coordinates"":[72.4626023935012,23.163059601021864]}"
197_0,15331.535211267606,4518.565217391304,0.22817641,0.27761593,0.1478191,"{""geodesic"":false,""type"":""Point"",""coordinates"":[72.51650131054838,23.163059601021864]}"
198_0,15409.323943661971,2101.478260869565,0.07217985,0.07795219,0.14739543,"{""geodesic"":false,""type"":""Point"",""coordinates"":[72.63328229748392,23.01932915556274]}"
199_0,15405.111111111111,3354.6739130434785,0.20194611,0.23929179,0.14678723,"{""geodesic"":false,""type"":""Point"",""coordinates"":[72.48056869918359,22.98339654419796]}"
200_0,15397.91304347826,2806.3478260869565,0.15559964,0.1732215,0.14839832,"{""geodesic"":false,""type"":""Point"",""coordinates"":[72.67819806168988,23.010346002721544]}"
201_0,15430.718309859154,3555.195652173913,0.14757623,0.18618362,0.1478191,"{""geodesic"":false,""type"":""Point"",""coordinates"":[72.48955185202479,23.100177531133497]}"
202_0,15284.859154929578,4219.326086956522,0.21249251,0.27303785,0.14678723,"{""geodesic"":false,""type"":""Point"",""coordinates"":[72.52548446338957,22.947463932833177]}"
203_0,15381.972222222223,4246.304347826087,0.16928878,0.24965064,0.14826828,"{""geodesic"":false,""type"":""Point"",""coordinates"":[72.48056869918359,23.0911943782923]}"
204_0,15327.718309859154,3055.5,0.16020744,0.1906974,0.14739543,"{""geodesic"":false,""type"":""Point"",""coordinates"":[72.63328229748392,23.0911943782923]}"
205_0,15393.128571428571,2795.9347826086955,0.15759204,0.16313545,0.14839832,"{""geodesic"":false,""type"":""Point"",""coordinates"":[72.68718121453108,23.0911943782923]}"
206_0,15367.638888888889,4218.413043478261,0.20098168,0.2485724,0.14798085,"{""geodesic"":false,""type"":""Point"",""coordinates"":[72.40870347645404,23.109160683974693]}"
207_0,15480.857142857143,2829.8478260869565,0.11911948,0.16725102,0.14673851,"{""geodesic"":false,""type"":""Point"",""coordinates"":[72.56141707475435,22.96543023851557]}"
208_0,15322.408450704226,2785.782608695652,0.14992271,0.14010379,0.14826828,"{""geodesic"":false,""type"":""Point"",""coordinates"":[72.50751815770718,23.028312308403933]}"
209_0,15357.371428571429,4103.086956521739,0.19502215,0.28369573,0.14593902,"{""geodesic"":false,""type"":""Point"",""coordinates"":[72.56141707475435,23.181025906704253]}"
210_0,15379.521126760563,3707.2391304347825,0.19164227,0.25120854,0.14678723,"{""geodesic"":false,""type"":""Point"",""coordinates"":[72.54345076907197,22.96543023851557]}"
211_0,15398.478873239437,2253.913043478261,0.11085397,0.12858084,0.14744449,"{""geodesic"":false,""type"":""Point"",""coordinates"":[72.62429914464272,22.956447085674373]}"
212_0,15344.916666666666,1633.0869565217392,0.09233818,0.091779865,0.14826828,"{""geodesic"":false,""type"":""Point"",""coordinates"":[72.52548446338957,23.001362849880348]}"
213_0,15342.478873239437,3149.804347826087,0.139457,0.18734773,0.14839832,"{""geodesic"":false,""type"":""Point"",""coordinates"":[72.67819806168988,23.064244919768715]}"
214_0,15367.602739726028,3534.9565217391305,0.16215937,0.21467325,0.1478191,"{""geodesic"":false,""type"":""Point"",""coordinates"":[72.54345076907197,23.118143836815886]}"
215_0,15393.2,3324.086956521739,0.17071518,0.19527602,0.14678723,"{""geodesic"":false,""type"":""Point"",""coordinates"":[72.55243392191316,22.92051447430959]}"
216_0,15351.408450704226,4397.326086956522,0.22118926,0.2680628,0.14509356,"{""geodesic"":false,""type"":""Point"",""coordinates"":[72.75904643726065,23.03729546124513]}"
217_0,15331.154929577464,4657.869565217391,0.22120106,0.32148084,0.1478191,"{""geodesic"":false,""type"":""Point"",""coordinates"":[72.52548446338957,23.163059601021864]}"
218_0,15312.027027027027,4142.891304347826,0.19911504,0.2520096,0.14856058,"{""geodesic"":false,""type"":""Point"",""coordinates"":[72.64226545032511,22.875598710103617]}"
219_0,15404.625,4488.739130434783,0.18168513,0.19709325,0.1478191,"{""geodesic"":false,""type"":""Point"",""coordinates"":[72.48056869918359,23.118143836815886]}"
220_0,15361.492957746479,3109.7391304347825,0.1575345,0.1878622,0.14752541,"{""geodesic"":false,""type"":""Point"",""coordinates"":[72.4626023935012,23.010346002721544]}"
221_0,15292.902777777777,3742.2391304347825,0.19078681,0.26484847,0.14678723,"{""geodesic"":false,""type"":""Point"",""coordinates"":[72.52548446338957,22.96543023851557]}"
222_0,15337.628571428571,4233.826086956522,0.22145842,0.30366927,0.14566599,"{""geodesic"":false,""type"":""Point"",""coordinates"":[72.6692149088487,23.13611014249828]}"
223_0,15323.918918918918,4496.217391304348,0.21217276,0.29469538,0.14856058,"{""geodesic"":false,""type"":""Point"",""coordinates"":[72.64226545032511,22.893565015786006]}"
224_0,15426.25352112676,3931.521739130435,0.1768037,0.23526908,0.1478191,"{""geodesic"":false,""type"":""Point"",""coordinates"":[72.49853500486599,23.100177531133497]}"
225_0,15394.70588235294,4292.45652173913,0.23844053,0.32293093,0.14839832,"{""geodesic"":false,""type"":""Point"",""coordinates"":[72.73209697873706,23.0911943782923]}"
226_0,15321.166666666666,3202.021739130435,0.15044478,0.17021456,0.14826828,"{""geodesic"":false,""type"":""Point"",""coordinates"":[72.53446761623077,23.028312308403933]}"
227_0,15309.638888888889,4610.217391304348,0.22252934,0.30367613,0.1478191,"{""geodesic"":false,""type"":""Point"",""coordinates"":[72.50751815770718,23.172042753863057]}"
228_0,15355.070422535211,4301.217391304348,0.21943983,0.24614002,0.14833307,"{""geodesic"":false,""type"":""Point"",""coordinates"":[72.67819806168988,22.929497627150788]}"
229_0,15354.536231884058,4285.586956521739,0.2141416,0.26053712,0.14566599,"{""geodesic"":false,""type"":""Point"",""coordinates"":[72.6692149088487,23.127126989657082]}"
230_0,15275.819444444445,4543.5,0.22049795,0.2831753,0.14678723,"{""geodesic"":false,""type"":""Point"",""coordinates"":[72.49853500486599,22.92051447430959]}"
231_0,15365.082191780823,3606.4347826086955,0.17731452,0.23890191,0.14826828,"{""geodesic"":false,""type"":""Point"",""coordinates"":[72.49853500486599,23.064244919768715]}"
232_0,15320.30985915493,2502.3260869565215,0.1228958,0.13524482,0.14826828,"{""geodesic"":false,""type"":""Point"",""coordinates"":[72.55243392191316,23.01932915556274]}"
233_0,15346.82191780822,4564.869565217391,0.21181294,0.29405746,0.14833307,"{""geodesic"":false,""type"":""Point"",""coordinates"":[72.69616436737228,22.938480779991984]}"
234_0,15340.085714285715,4185.021739130435,0.19776191,0.2677132,0.14826828,"{""geodesic"":false,""type"":""Point"",""coordinates"":[72.49853500486599,23.010346002721544]}"
235_0,15379.188405797102,1396.6304347826087,0.074504055,0.068995774,0.14739543,"{""geodesic"":false,""type"":""Point"",""coordinates"":[72.64226545032511,23.001362849880348]}"
236_0,15374.055555555555,3350.391304347826,0.18708804,0.18857478,0.14678723,"{""geodesic"":false,""type"":""Point"",""coordinates"":[72.4715855463424,22.98339654419796]}"
237_0,15359.506849315068,4495.978260869565,0.22748815,0.30804762,0.14839832,"{""geodesic"":false,""type"":""Point"",""coordinates"":[72.74108013157826,23.010346002721544]}"
238_0,15382.166666666666,4102.0,0.19511728,0.231245,0.14798085,"{""geodesic"":false,""type"":""Point"",""coordinates"":[72.4626023935012,23.154076448180668]}"
239_0,15390.041666666666,3200.6739130434785,0.15612999,0.18954091,0.14744449,"{""geodesic"":false,""type"":""Point"",""coordinates"":[72.57938338043674,22.947463932833177]}"
240_0,15409.323943661971,2101.478260869565,0.07217985,0.07795219,0.14739543,"{""geodesic"":false,""type"":""Point"",""coordinates"":[72.63328229748392,23.01932915556274]}"
241_0,15334.266666666666,4149.45652173913,0.19291852,0.25208122,0.14707279,"{""geodesic"":false,""type"":""Point"",""coordinates"":[72.55243392191316,22.857632404421224]}"
242_0,15359.676056338029,4701.608695652174,0.21206883,0.2926919,0.14833307,"{""geodesic"":false,""type"":""Point"",""coordinates"":[72.6692149088487,22.929497627150788]}"
243_0,15358.82191780822,3516.3478260869565,0.16730325,0.19467586,0.14814435,"{""geodesic"":false,""type"":""Point"",""coordinates"":[72.67819806168988,22.88458186294481]}"
244_0,15276.842857142858,4123.260869565217,0.21812342,0.28218156,0.14707279,"{""geodesic"":false,""type"":""Point"",""coordinates"":[72.4715855463424,22.88458186294481]}"
245_0,15366.917808219177,4106.934782608696,0.2094145,0.2559115,0.14913853,"{""geodesic"":false,""type"":""Point"",""coordinates"":[72.41768662929523,22.96543023851557]}"
246_0,15321.166666666666,3202.021739130435,0.15044478,0.17021456,0.14826828,"{""geodesic"":false,""type"":""Point"",""coordinates"":[72.53446761623077,23.028312308403933]}"
247_0,15390.54411764706,4370.739130434783,0.23350751,0.3001538,0.14566599,"{""geodesic"":false,""type"":""Point"",""coordinates"":[72.70514752021347,23.154076448180668]}"
248_0,15378.225352112677,4159.804347826087,0.21339884,0.27113238,0.14650686,"{""geodesic"":false,""type"":""Point"",""coordinates"":[72.61531599180152,23.172042753863057]}"
249_0,15286.194444444445,4000.8695652173915,0.19938588,0.23482232,0.14678723,"{""geodesic"":false,""type"":""Point"",""coordinates"":[72.48955185202479,22.911531321468395]}"
250_0,15347.152777777777,2653.4347826086955,0.10176616,0.10339578,0.14739543,"{""geodesic"":false,""type"":""Point"",""coordinates"":[72.59734968611913,23.07322807260991]}"
251_0,15389.152777777777,4392.260869565217,0.18395062,0.22937642,0.1478191,"{""geodesic"":false,""type"":""Point"",""coordinates"":[72.50751815770718,23.127126989657082]}"
252_0,15380.361111111111,2786.478260869565,0.13606432,0.12763736,0.14913853,"{""geodesic"":false,""type"":""Point"",""coordinates"":[72.44463608781881,22.929497627150788]}"
253_0,15270.763888888889,4555.739130434783,0.20055903,0.2600354,0.14678723,"{""geodesic"":false,""type"":""Point"",""coordinates"":[72.51650131054838,22.956447085674373]}"
254_0,15429.072463768116,3553.3695652173915,0.15975298,0.25087544,0.14673851,"{""geodesic"":false,""type"":""Point"",""coordinates"":[72.56141707475435,22.947463932833177]}"
255_0,15319.986111111111,4212.869565217391,0.21001235,0.27382597,0.14814435,"{""geodesic"":false,""type"":""Point"",""coordinates"":[72.6602317560075,22.875598710103617]}"
256_0,15409.323943661971,2101.478260869565,0.07217985,0.07795219,0.14739543,"{""geodesic"":false,""type"":""Point"",""coordinates"":[72.63328229748392,23.01932915556274]}"
257_0,15346.958333333334,4647.086956521739,0.20697752,0.32643485,0.14650686,"{""geodesic"":false,""type"":""Point"",""coordinates"":[72.62429914464272,23.109160683974693]}"
258_0,15332.712328767124,4750.326086956522,0.23371992,0.32392484,0.14752541,"{""geodesic"":false,""type"":""Point"",""coordinates"":[72.41768662929523,23.010346002721544]}"
259_0,15367.507246376812,4066.413043478261,0.19253674,0.26061785,0.14707279,"{""geodesic"":false,""type"":""Point"",""coordinates"":[72.52548446338957,22.857632404421224]}"
260_0,15397.91304347826,2806.3478260869565,0.15559964,0.1732215,0.14839832,"{""geodesic"":false,""type"":""Point"",""coordinates"":[72.67819806168988,23.010346002721544]}"
261_0,15343.277777777777,4888.782608695652,0.22658336,0.32274404,0.14833307,"{""geodesic"":false,""type"":""Point"",""coordinates"":[72.70514752021347,22.96543023851557]}"
262_0,15338.555555555555,4482.195652173913,0.20246425,0.24757978,0.14650686,"{""geodesic"":false,""type"":""Point"",""coordinates"":[72.57040022759554,23.154076448180668]}"
263_0,15347.457142857143,3470.978260869565,0.15354547,0.18976116,0.14826828,"{""geodesic"":false,""type"":""Point"",""coordinates"":[72.48056869918359,23.03729546124513]}"
264_0,15388.333333333334,3689.3260869565215,0.18922417,0.26828098,0.14839832,"{""geodesic"":false,""type"":""Point"",""coordinates"":[72.69616436737228,23.07322807260991]}"
265_0,15350.767123287671,4079.195652173913,0.20728269,0.2580318,0.14650686,"{""geodesic"":false,""type"":""Point"",""coordinates"":[72.58836653327793,23.172042753863057]}"
266_0,15391.231884057972,4121.195652173913,0.19930615,0.25083837,0.14833307,"{""geodesic"":false,""type"":""Point"",""coordinates"":[72.68718121453108,22.992379697039155]}"
267_0,15319.972602739726,4026.7608695652175,0.19213341,0.26526454,0.14913853,"{""geodesic"":false,""type"":""Point"",""coordinates"":[72.42666978213643,22.938480779991984]}"
268_0,15332.369863013699,3745.282608695652,0.18348014,0.22362375,0.14856058,"{""geodesic"":false,""type"":""Point"",""coordinates"":[72.59734968611913,22.893565015786006]}"
269_0,15395.492753623188,3257.8260869565215,0.15695322,0.1860875,0.14826828,"{""geodesic"":false,""type"":""Point"",""coordinates"":[72.52548446338957,23.0911943782923]}"
270_0,15370.819444444445,3712.1304347826085,0.16726397,0.16713744,0.14650686,"{""geodesic"":false,""type"":""Point"",""coordinates"":[72.57040022759554,23.181025906704253]}"
271_0,15351.666666666666,4064.8478260869565,0.15545201,0.23786953,0.14752541,"{""geodesic"":false,""type"":""Point"",""coordinates"":[72.38175401793045,23.028312308403933]}"
272_0,15314.070422535211,4984.782608695652,0.23131362,0.30062857,0.1478191,"{""geodesic"":false,""type"":""Point"",""coordinates"":[72.49853500486599,23.172042753863057]}"
273_0,15348.352112676057,1983.4347826086957,0.09999613,0.10953444,0.14826828,"{""geodesic"":false,""type"":""Point"",""coordinates"":[72.55243392191316,23.064244919768715]}"
274_0,15361.527777777777,4476.739130434783,0.19331692,0.24811336,0.14833307,"{""geodesic"":false,""type"":""Point"",""coordinates"":[72.6602317560075,22.911531321468395]}"
275_0,15338.333333333334,3557.804347826087,0.15709376,0.18587853,0.14913853,"{""geodesic"":false,""type"":""Point"",""coordinates"":[72.4626023935012,22.992379697039155]}"
276_0,15324.876712328767,4340.434782608696,0.20683266,0.2547615,0.14856058,"{""geodesic"":false,""type"":""Point"",""coordinates"":[72.61531599180152,22.86661555726242]}"
277_0,15429.072463768116,3553.3695652173915,0.15975298,0.25087544,0.14673851,"{""geodesic"":false,""type"":""Point"",""coordinates"":[72.56141707475435,22.947463932833177]}"
278_0,15320.291666666666,2709.913043478261,0.12654348,0.16208358,0.14826828,"{""geodesic"":false,""type"":""Point"",""coordinates"":[72.54345076907197,23.01932915556274]}"
279_0,15370.819444444445,3712.1304347826085,0.16726397,0.16713744,0.14650686,"{""geodesic"":false,""type"":""Point"",""coordinates"":[72.57040022759554,23.181025906704253]}"
280_0,15381.150684931506,1334.608695652174,0.06890046,0.050589778,0.14739543,"{""geodesic"":false,""type"":""Point"",""coordinates"":[72.58836653327793,23.01932915556274]}"
281_0,15371.04347826087,1922.9565217391305,0.10549539,0.11232227,0.14650686,"{""geodesic"":false,""type"":""Point"",""coordinates"":[72.57040022759554,23.109160683974693]}"
282_0,15321.373333333333,3851.086956521739,0.20182185,0.22530042,0.14856058,"{""geodesic"":false,""type"":""Point"",""coordinates"":[72.58836653327793,22.875598710103617]}"
283_0,15327.718309859154,3055.5,0.16020744,0.1906974,0.14739543,"{""geodesic"":false,""type"":""Point"",""coordinates"":[72.63328229748392,23.0911943782923]}"
284_0,15380.424657534246,2128.413043478261,0.100723416,0.14102146,0.14739543,"{""geodesic"":false,""type"":""Point"",""coordinates"":[72.60633283896033,23.010346002721544]}"
285_0,15277.027027027027,5018.217391304348,0.24468899,0.32304025,0.14798085,"{""geodesic"":false,""type"":""Point"",""coordinates"":[72.42666978213643,23.13611014249828]}"
286_0,15339.458333333334,4748.369565217391,0.22774154,0.30366004,0.14752541,"{""geodesic"":false,""type"":""Point"",""coordinates"":[72.42666978213643,23.046278614086326]}"
287_0,15326.084507042253,3867.282608695652,0.16212347,0.17427947,0.14739543,"{""geodesic"":false,""type"":""Point"",""coordinates"":[72.60633283896033,23.0911943782923]}"
288_0,15343.986111111111,4188.869565217391,0.20727995,0.25585517,0.14650686,"{""geodesic"":false,""type"":""Point"",""coordinates"":[72.63328229748392,23.14509329533947]}"
289_0,15358.694444444445,4262.673913043478,0.19228722,0.24654932,0.1478191,"{""geodesic"":false,""type"":""Point"",""coordinates"":[72.48955185202479,23.14509329533947]}"
290_0,15320.205479452055,5161.326086956522,0.24726517,0.34733093,0.14752541,"{""geodesic"":false,""type"":""Point"",""coordinates"":[72.42666978213643,23.010346002721544]}"
291_0,15352.739726027397,3057.021739130435,0.1662902,0.20654483,0.14744449,"{""geodesic"":false,""type"":""Point"",""coordinates"":[72.58836653327793,22.911531321468395]}"
292_0,15389.323943661971,2696.086956521739,0.13313371,0.13845985,0.14744449,"{""geodesic"":false,""type"":""Point"",""coordinates"":[72.58836653327793,22.947463932833177]}"
293_0,15356.884057971014,4197.173913043478,0.19317251,0.25146836,0.14566599,"{""geodesic"":false,""type"":""Point"",""coordinates"":[72.67819806168988,23.14509329533947]}"
294_0,15371.685714285713,4127.130434782609,0.17252102,0.22513859,0.14566599,"{""geodesic"":false,""type"":""Point"",""coordinates"":[72.6602317560075,23.118143836815886]}"
295_0,15378.871428571429,4718.086956521739,0.23170483,0.2720432,0.14839832,"{""geodesic"":false,""type"":""Point"",""coordinates"":[72.72311382589587,23.046278614086326]}"
296_0,15343.277777777777,4888.782608695652,0.22658336,0.32274404,0.14833307,"{""geodesic"":false,""type"":""Point"",""coordinates"":[72.70514752021347,22.96543023851557]}"
297_0,15360.366197183099,4440.608695652174,0.20695993,0.26447672,0.14833307,"{""geodesic"":false,""type"":""Point"",""coordinates"":[72.67819806168988,22.92051447430959]}"
298_0,15375.577464788732,1398.608695652174,0.07301991,0.07898408,0.14739543,"{""geodesic"":false,""type"":""Point"",""coordinates"":[72.64226545032511,23.046278614086326]}"
299_0,15351.614285714286,4599.391304347826,0.23097491,0.30219907,0.14839832,"{""geodesic"":false,""type"":""Point"",""coordinates"":[72.74108013157826,23.028312308403933]}"
300_0,15358.694444444445,4262.673913043478,0.19228722,0.24654932,0.1478191,"{""geodesic"":false,""type"":""Point"",""coordinates"":[72.48955185202479,23.14509329533947]}"
301_0,15346.352112676057,3978.304347826087,0.19360694,0.21804197,0.14752541,"{""geodesic"":false,""type"":""Point"",""coordinates"":[72.42666978213643,23.028312308403933]}"
302_0,15354.112676056338,3910.9565217391305,0.18703383,0.26314068,0.14744449,"{""geodesic"":false,""type"":""Point"",""coordinates"":[72.60633283896033,22.938480779991984]}"
303_0,15353.583333333334,4247.891304347826,0.16216145,0.16438374,0.14833307,"{""geodesic"":false,""type"":""Point"",""coordinates"":[72.72311382589587,22.974413391356762]}"
304_0,15382.159420289856,4556.5,0.20820127,0.2917615,0.14833307,"{""geodesic"":false,""type"":""Point"",""coordinates"":[72.71413067305467,22.992379697039155]}"
305_0,15332.422535211268,1852.7608695652175,0.08938346,0.105183035,0.14739543,"{""geodesic"":false,""type"":""Point"",""coordinates"":[72.57040022759554,23.05526176692752]}"
306_0,15357.138888888889,3937.782608695652,0.17714374,0.220894,0.14744449,"{""geodesic"":false,""type"":""Point"",""coordinates"":[72.65124860316631,22.92051447430959]}"
307_0,15316.932432432432,3708.695652173913,0.18368155,0.23394676,0.14913853,"{""geodesic"":false,""type"":""Point"",""coordinates"":[72.42666978213643,22.929497627150788]}"
308_0,15343.507042253521,3086.108695652174,0.15552537,0.20698494,0.14826828,"{""geodesic"":false,""type"":""Point"",""coordinates"":[72.50751815770718,23.082211225451108]}"
309_0,15381.180555555555,2946.391304347826,0.17327054,0.19103226,0.14509356,"{""geodesic"":false,""type"":""Point"",""coordinates"":[72.75904643726065,23.01932915556274]}"
310_0,15354.3,1646.7826086956522,0.07957696,0.08484256,0.14826828,"{""geodesic"":false,""type"":""Point"",""coordinates"":[72.53446761623077,23.064244919768715]}"
311_0,15364.152777777777,3587.804347826087,0.18358894,0.20662157,0.14678723,"{""geodesic"":false,""type"":""Point"",""coordinates"":[72.54345076907197,22.911531321468395]}"
312_0,15296.56,5310.5,0.24268797,0.32378572,0.14798085,"{""geodesic"":false,""type"":""Point"",""coordinates"":[72.41768662929523,23.127126989657082]}"
313_0,15348.041666666666,4707.739130434783,0.23700595,0.301171,0.14833307,"{""geodesic"":false,""type"":""Point"",""coordinates"":[72.71413067305467,22.96543023851557]}"
314_0,15415.527777777777,1988.195652173913,0.10466209,0.107895926,0.14744449,"{""geodesic"":false,""type"":""Point"",""coordinates"":[72.62429914464272,22.96543023851557]}"
315_0,15347.222222222223,3501.4347826086955,0.16512555,0.18900497,0.14826828,"{""geodesic"":false,""type"":""Point"",""coordinates"":[72.49853500486599,23.05526176692752]}"
316_0,15331.082191780823,4559.434782608696,0.19754359,0.30543724,0.14913853,"{""geodesic"":false,""type"":""Point"",""coordinates"":[72.45361924066,22.956447085674373]}"
317_0,15378.352112676057,3627.086956521739,0.19349124,0.26634622,0.14826828,"{""geodesic"":false,""type"":""Point"",""coordinates"":[72.50751815770718,23.0911943782923]}"
318_0,15315.608108108108,4270.978260869565,0.21487239,0.2827367,0.14856058,"{""geodesic"":false,""type"":""Point"",""coordinates"":[72.62429914464272,22.857632404421224]}"
319_0,15359.506849315068,4495.978260869565,0.22748815,0.30804762,0.14839832,"{""geodesic"":false,""type"":""Point"",""coordinates"":[72.74108013157826,23.010346002721544]}"
320_0,15340.097222222223,4400.282608695652,0.2025513,0.263564,0.14650686,"{""geodesic"":false,""type"":""Point"",""coordinates"":[72.61531599180152,23.13611014249828]}"
321_0,15389.585714285715,4369.260869565217,0.19451518,0.27438128,0.14839832,"{""geodesic"":false,""type"":""Point"",""coordinates"":[72.70514752021347,23.028312308403933]}"
322_0,15336.216216216217,4962.739130434783,0.22362466,0.30544972,0.14798085,"{""geodesic"":false,""type"":""Point"",""coordinates"":[72.43565293497763,23.109160683974693]}"
323_0,15362.472222222223,1842.5217391304348,0.08587032,0.099811986,0.14739543,"{""geodesic"":false,""type"":""Point"",""coordinates"":[72.58836653327793,23.001362849880348]}"
324_0,15321.75,4266.369565217391,0.19515225,0.2577672,0.14707279,"{""geodesic"":false,""type"":""Point"",""coordinates"":[72.50751815770718,22.86661555726242]}"
325_0,15371.434782608696,2007.9130434782608,0.12934086,0.14800568,0.14826828,"{""geodesic"":false,""type"":""Point"",""coordinates"":[72.50751815770718,23.001362849880348]}"
326_0,15395.57142857143,2314.6521739130435,0.112730905,0.14421108,0.14839832,"{""geodesic"":false,""type"":""Point"",""coordinates"":[72.6602317560075,23.0911943782923]}"
327_0,15395.492753623188,3257.8260869565215,0.15695322,0.1860875,0.14826828,"{""geodesic"":false,""type"":""Point"",""coordinates"":[72.52548446338957,23.0911943782923]}"
328_0,15294.013888888889,4196.913043478261,0.20947742,0.26452506,0.14678723,"{""geodesic"":false,""type"":""Point"",""coordinates"":[72.49853500486599,22.929497627150788]}"
329_0,15364.808823529413,4642.478260869565,0.23951796,0.29317042,0.14566599,"{""geodesic"":false,""type"":""Point"",""coordinates"":[72.71413067305467,23.118143836815886]}"
330_0,15367.323529411764,2581.9565217391305,0.10603927,0.119755,0.14839832,"{""geodesic"":false,""type"":""Point"",""coordinates"":[72.6692149088487,23.001362849880348]}"
331_0,15330.277777777777,1905.9347826086957,0.086303264,0.12067369,0.14739543,"{""geodesic"":false,""type"":""Point"",""coordinates"":[72.57938338043674,23.046278614086326]}"
332_0,15423.125,3884.4565217391305,0.16877487,0.19702752,0.1478191,"{""geodesic"":false,""type"":""Point"",""coordinates"":[72.48955185202479,23.118143836815886]}"
333_0,15371.971014492754,4732.913043478261,0.23603694,0.31326124,0.14839832,"{""geodesic"":false,""type"":""Point"",""coordinates"":[72.72311382589587,23.07322807260991]}"
334_0,15293.222222222223,3849.478260869565,0.18751478,0.2547151,0.14678723,"{""geodesic"":false,""type"":""Point"",""coordinates"":[72.52548446338957,22.974413391356762]}"
335_0,15321.661971830987,4280.739130434783,0.20646076,0.30093616,0.14678723,"{""geodesic"":false,""type"":""Point"",""coordinates"":[72.53446761623077,22.929497627150788]}"
336_0,15356.450704225352,4259.608695652174,0.24212147,0.27537003,0.14509356,"{""geodesic"":false,""type"":""Point"",""coordinates"":[72.76802959010185,23.03729546124513]}"
337_0,15370.028985507246,4674.760869565217,0.24073215,0.33117077,0.14566599,"{""geodesic"":false,""type"":""Point"",""coordinates"":[72.71413067305467,23.14509329533947]}"
338_0,15347.685714285713,3372.021739130435,0.1766198,0.17438078,0.1478191,"{""geodesic"":false,""type"":""Point"",""coordinates"":[72.54345076907197,23.163059601021864]}"
339_0,15348.916666666666,3813.3695652173915,0.18564828,0.2569967,0.14752541,"{""geodesic"":false,""type"":""Point"",""coordinates"":[72.4626023935012,23.046278614086326]}"
340_0,15372.75,4124.652173913043,0.18560745,0.23641193,0.14826828,"{""geodesic"":false,""type"":""Point"",""coordinates"":[72.48056869918359,23.001362849880348]}"
341_0,15375.101449275362,1774.695652173913,0.09304914,0.10812219,0.14826828,"{""geodesic"":false,""type"":""Point"",""coordinates"":[72.55243392191316,23.082211225451108]}"
342_0,15354.422535211268,4451.108695652174,0.21849085,0.2523621,0.14826828,"{""geodesic"":false,""type"":""Point"",""coordinates"":[72.4715855463424,23.07322807260991]}"
343_0,15357.027397260274,4635.152173913043,0.2067246,0.29099983,0.14630277,"{""geodesic"":false,""type"":""Point"",""coordinates"":[72.75006328441945,22.992379697039155]}"
344_0,15304.04109589041,4863.586956521739,0.23545429,0.28794166,0.14752541,"{""geodesic"":false,""type"":""Point"",""coordinates"":[72.42666978213643,23.07322807260991]}"
345_0,15413.0,1792.108695652174,0.08549531,0.11110467,0.14839832,"{""geodesic"":false,""type"":""Point"",""coordinates"":[72.6692149088487,23.028312308403933]}"
346_0,15476.616438356165,1653.3695652173913,0.07760622,0.07594833,0.14744449,"{""geodesic"":false,""type"":""Point"",""coordinates"":[72.59734968611913,22.974413391356762]}"
347_0,15372.277777777777,3637.717391304348,0.17462607,0.2020665,0.1478191,"{""geodesic"":false,""type"":""Point"",""coordinates"":[72.55243392191316,23.13611014249828]}"
348_0,15360.12676056338,4504.260869565217,0.21435468,0.2585122,0.1478191,"{""geodesic"":false,""type"":""Point"",""coordinates"":[72.49853500486599,23.13611014249828]}"
349_0,15370.61971830986,4034.1304347826085,0.19515973,0.25481087,0.1478191,"{""geodesic"":false,""type"":""Point"",""coordinates"":[72.52548446338957,23.13611014249828]}"
350_0,15285.055555555555,4714.304347826087,0.22510852,0.30570114,0.14678723,"{""geodesic"":false,""type"":""Point"",""coordinates"":[72.50751815770718,22.911531321468395]}"
351_0,15390.69014084507,3683.891304347826,0.17573345,0.18504138,0.14555219,"{""geodesic"":false,""type"":""Point"",""coordinates"":[72.58836653327793,23.19000905954545]}"
352_0,15344.315068493152,4282.45652173913,0.19719099,0.27655208,0.14814435,"{""geodesic"":false,""type"":""Point"",""coordinates"":[72.67819806168988,22.902548168627202]}"
353_0,15370.985714285714,4207.260869565217,0.19650505,0.27063236,0.14839832,"{""geodesic"":false,""type"":""Point"",""coordinates"":[72.68718121453108,23.064244919768715]}"
354_0,15356.602739726028,3017.521739130435,0.16040792,0.1525932,0.14650686,"{""geodesic"":false,""type"":""Point"",""coordinates"":[72.58836653327793,23.163059601021864]}"
355_0,15392.628571428571,3023.521739130435,0.15883085,0.17167851,0.14650686,"{""geodesic"":false,""type"":""Point"",""coordinates"":[72.65124860316631,23.154076448180668]}"
356_0,15350.281690140846,3952.3695652173915,0.20126474,0.26771653,0.14856058,"{""geodesic"":false,""type"":""Point"",""coordinates"":[72.60633283896033,22.902548168627202]}"
357_0,15407.828571428572,3045.7608695652175,0.15707432,0.16192889,0.14839832,"{""geodesic"":false,""type"":""Point"",""coordinates"":[72.70514752021347,23.03729546124513]}"
358_0,15366.779411764706,4249.95652173913,0.1993243,0.21930578,0.14566599,"{""geodesic"":false,""type"":""Point"",""coordinates"":[72.73209697873706,23.109160683974693]}"
359_0,15360.814285714287,4197.478260869565,0.18999796,0.23783647,0.14650686,"{""geodesic"":false,""type"":""Point"",""coordinates"":[72.64226545032511,23.100177531133497]}"
360_0,15378.59420289855,4557.565217391304,0.22215691,0.29086566,0.14566599,"{""geodesic"":false,""type"":""Point"",""coordinates"":[72.68718121453108,23.109160683974693]}"
361_0,15407.338028169013,3605.717391304348,0.15762748,0.2021272,0.14833307,"{""geodesic"":false,""type"":""Point"",""coordinates"":[72.6602317560075,22.974413391356762]}"
362_0,15329.72972972973,3878.3478260869565,0.21291445,0.23787372,0.14913853,"{""geodesic"":false,""type"":""Point"",""coordinates"":[72.44463608781881,22.98339654419796]}"
363_0,15368.361111111111,4566.782608695652,0.19452767,0.23188286,0.14752541,"{""geodesic"":false,""type"":""Point"",""coordinates"":[72.40870347645404,23.03729546124513]}"
364_0,15282.972222222223,4663.739130434783,0.22345947,0.28987095,0.14678723,"{""geodesic"":false,""type"":""Point"",""coordinates"":[72.51650131054838,22.911531321468395]}"
365_0,15339.931506849314,2632.7391304347825,0.12610224,0.1369972,0.14826828,"{""geodesic"":false,""type"":""Point"",""coordinates"":[72.51650131054838,23.07322807260991]}"
366_0,15338.478873239437,4651.391304347826,0.21948218,0.298785,0.1478191,"{""geodesic"":false,""type"":""Point"",""coordinates"":[72.50751815770718,23.163059601021864]}"
367_0,15367.95890410959,3894.8695652173915,0.17307942,0.21160026,0.14826828,"{""geodesic"":false,""type"":""Point"",""coordinates"":[72.48955185202479,23.064244919768715]}"
368_0,15364.957142857143,4774.260869565217,0.22213311,0.3212048,0.14839832,"{""geodesic"":false,""type"":""Point"",""coordinates"":[72.72311382589587,23.01932915556274]}"
369_0,15358.420289855072,4364.847826086957,0.21971406,0.28318754,0.14566599,"{""geodesic"":false,""type"":""Point"",""coordinates"":[72.68718121453108,23.118143836815886]}"
370_0,15368.013888888889,2608.586956521739,0.10604329,0.13939601,0.14739543,"{""geodesic"":false,""type"":""Point"",""coordinates"":[72.58836653327793,23.082211225451108]}"
371_0,15394.814285714287,2002.891304347826,0.11246045,0.14341457,0.14739543,"{""geodesic"":false,""type"":""Point"",""coordinates"":[72.57040022759554,23.0911943782923]}"
372_0,15421.869565217392,3450.8260869565215,0.13174453,0.15091711,0.14566599,"{""geodesic"":false,""type"":""Point"",""coordinates"":[72.67819806168988,23.100177531133497]}"
373_0,15393.35294117647,4485.108695652174,0.22676627,0.3235748,0.14839832,"{""geodesic"":false,""type"":""Point"",""coordinates"":[72.70514752021347,23.0911943782923]}"
374_0,15320.739726027397,4507.804347826087,0.21298254,0.28616247,0.14744449,"{""geodesic"":false,""type"":""Point"",""coordinates"":[72.63328229748392,22.92051447430959]}"
375_0,15349.69014084507,4600.130434782609,0.21678028,0.29834318,0.14833307,"{""geodesic"":false,""type"":""Point"",""coordinates"":[72.71413067305467,22.947463932833177]}"
376_0,15287.208333333334,4393.173913043478,0.20668042,0.22999069,0.14707279,"{""geodesic"":false,""type"":""Point"",""coordinates"":[72.48955185202479,22.893565015786006]}"
377_0,15395.632352941177,1433.9347826086957,0.07274535,0.08094227,0.14744449,"{""geodesic"":false,""type"":""Point"",""coordinates"":[72.63328229748392,22.992379697039155]}"
378_0,15338.216216216217,3591.6521739130435,0.16982913,0.17036556,0.14650686,"{""geodesic"":false,""type"":""Point"",""coordinates"":[72.58836653327793,23.154076448180668]}"
379_0,15344.777777777777,2464.391304347826,0.10123954,0.11473478,0.14739543,"{""geodesic"":false,""type"":""Point"",""coordinates"":[72.57040022759554,23.001362849880348]}"
380_0,15323.445945945947,4700.478260869565,0.2190053,0.25768876,0.14798085,"{""geodesic"":false,""type"":""Point"",""coordinates"":[72.43565293497763,23.100177531133497]}"
381_0,15345.87323943662,4816.673913043478,0.24492356,0.27328512,0.14833307,"{""geodesic"":false,""type"":""Point"",""coordinates"":[72.70514752021347,22.956447085674373]}"
382_0,15312.027027027027,4142.891304347826,0.19911504,0.2520096,0.14856058,"{""geodesic"":false,""type"":""Point"",""coordinates"":[72.64226545032511,22.875598710103617]}"
383_0,15250.616438356165,5740.521739130435,0.2574916,0.37321183,0.14798085,"{""geodesic"":false,""type"":""Point"",""coordinates"":[72.41768662929523,23.13611014249828]}"
384_0,15301.430555555555,4271.869565217391,0.16610643,0.22444983,0.14739543,"{""geodesic"":false,""type"":""Point"",""coordinates"":[72.61531599180152,23.0911943782923]}"
385_0,15251.194444444445,3943.391304347826,0.21818575,0.34539318,0.14913853,"{""geodesic"":false,""type"":""Point"",""coordinates"":[72.4626023935012,22.911531321468395]}"
386_0,15390.915492957747,2562.0652173913045,0.13526763,0.15195677,0.1487653,"{""geodesic"":false,""type"":""Point"",""coordinates"":[72.42666978213643,22.902548168627202]}"
387_0,15335.479452054795,4059.1521739130435,0.20150542,0.28306982,0.14913853,"{""geodesic"":false,""type"":""Point"",""coordinates"":[72.44463608781881,22.956447085674373]}"
388_0,15324.763888888889,4356.086956521739,0.22298688,0.33935314,0.14752541,"{""geodesic"":false,""type"":""Point"",""coordinates"":[72.43565293497763,23.001362849880348]}"
389_0,15329.5,4484.45652173913,0.22717752,0.29668662,0.14856058,"{""geodesic"":false,""type"":""Point"",""coordinates"":[72.64226545032511,22.902548168627202]}"
390_0,15332.5,4266.54347826087,0.20272774,0.29180327,0.14856058,"{""geodesic"":false,""type"":""Point"",""coordinates"":[72.61531599180152,22.857632404421224]}"
391_0,15333.257142857143,4647.521739130435,0.215458,0.30558637,0.14650686,"{""geodesic"":false,""type"":""Point"",""coordinates"":[72.57040022759554,23.172042753863057]}"
392_0,15354.236111111111,4560.217391304348,0.22591694,0.31380376,0.1478191,"{""geodesic"":false,""type"":""Point"",""coordinates"":[72.48056869918359,23.154076448180668]}"
393_0,15334.333333333334,4209.869565217391,0.20469184,0.27991852,0.14678723,"{""geodesic"":false,""type"":""Point"",""coordinates"":[72.53446761623077,22.96543023851557]}"
394_0,15394.394366197183,2164.086956521739,0.10275775,0.11873115,0.14744449,"{""geodesic"":false,""type"":""Point"",""coordinates"":[72.60633283896033,22.956447085674373]}"
395_0,15346.055555555555,4216.260869565217,0.21861961,0.27434975,0.14833307,"{""geodesic"":false,""type"":""Point"",""coordinates"":[72.71413067305467,22.956447085674373]}"
396_0,15384.38028169014,3541.5434782608695,0.14460227,0.17233598,0.14833307,"{""geodesic"":false,""type"":""Point"",""coordinates"":[72.74108013157826,22.98339654419796]}"
397_0,15369.101449275362,4619.217391304348,0.22174202,0.29167148,0.14839832,"{""geodesic"":false,""type"":""Point"",""coordinates"":[72.72311382589587,23.064244919768715]}"
398_0,15364.142857142857,4449.847826086957,0.22137968,0.29730648,0.1478191,"{""geodesic"":false,""type"":""Point"",""coordinates"":[72.50751815770718,23.14509329533947]}"
399_0,15366.583333333334,1966.0217391304348,0.11120985,0.123096995,0.14739543,"{""geodesic"":false,""type"":""Point"",""coordinates"":[72.57938338043674,23.001362849880348]}"
